feature_id,feature_name_ru,value_type,value_id,value_ru,comment_ru,comment_en,page_numbers
A-1,Количество подъемов гласных,not_stated,,,"Восемь гласных фонем приведены списком. См., однако, вводную статью В.С. Расторгуевой ""Иранские языки"" / ""Языки мира: Иранские языки. I. Юго-западные иранские языки""- М.: Индрик, 1997, С. 16, где утверждается наличие трех  (верхнего, среднего и нижнего) подъемов уже в позднеперсидском языке. ",,
A-2,Подъемы гласных,not_applicable,,,,,
A-3,Противопоставление по открытости/закрытости в подъемах гласных,not_stated,,,,,
A-4,Ряды гласных,listed,A-4-2,Передний и непередний / задний,Ряды гласных постулируются.,,
A-5,Наличие фонологических ступеней долготы,listed,A-5-1,Присутствуют,,,
A-6,Фонологические ступени долготы,listed,A-6-1,Две ступени,,,
A-7,Наличие противопоставления гласных по лабиализации,listed,A-7-2,Отсутствует,,,
A-8,Противопоставление гласных по лабиализации,not_applicable,,,,,
A-9,Наличие противопоставления гласных по назализации,listed,A-9-2,Отсутствует,,,
A-10,Противопоставление гласных по назализации,not_applicable,,,,,
A-11,Противопоставление гласных по фарингализации,listed,A-11-1,Противопоставление гласных по фарингализации отсутствует,,,
A-12,Противопоставление гласных по продвинутости корня языка,listed,A-12-1,Противопоставление гласных по продвинутости корня языка отсутствует,,,
A-13,Наличие дифтонгов и трифтонгов,listed,A-13-1,Дифтонги и трифтонги отсутствуют,,,
A-14,Типы дифтонгов,not_applicable,,,,,
A-15,Инвентарь шумных согласных по ларингальным признакам,listed,A-15-1,Противопоставление по звонкости/глухости,,,
A-16,Типы шумных согласных по способу артикуляции,listed,A-16-3,"Взрывные, аффрикаты и фрикативные",,,
A-17,Типы шумных согласных по месту образования,listed,A-17-2,"Губные, переднеязычные, палатальные, велярные/увулярные и ларингальные",,,
A-18,Типы шумных губных согласных по месту образования,listed,A-18-2,Губно-губные и губно-зубные,,,
A-19,Шумные переднеязычные согласные по месту образования,not_stated,,,,,
A-20,Типы шумных велярных и увулярных согласных по месту образования,listed,A-20-3,Велярные и увулярные,,,
A-21,Типы шумных ларингальных согласных по месту образования,listed,A-21-1,Только фарингальные,,,
A-22,Дополнительные артикуляционные противопоставления шумных согласных,listed,A-22-1,Отсутствуют,,,
A-23,Инвентарь сонорных согласных по способу артикуляции,listed,A-23-6,"Назальные, плавные, вибранты и глайды",,,
A-24,Инвентарь сонорных согласных по месту образования,listed,A-24-14,"Лабиальные, переднеязычные и среднеязычные","Назальные определяются как смычные чистые носовые, плавные - как щелевые боковые. Глайд /y/ определяется как щелевой срединный.",,
A-25,Дополнительные противопоставления сонорных согласных,listed,A-25-1,Отсутствуют,,,
A-26,Инвентарь фрикативных согласных по месту образования,custom,,"Лабиальные, переднеязычные, среднеязычные, велярные, увулярные и фарингальные",Классификация отражает таблицу консонантизма в статье.,,
B-1,Вид основной просодической единицы,listed,B-1-1,Ударение,,,
B-2,Носитель просодической единицы,listed,B-2-1,Слог,,,
B-3,Характеристика просодической единицы по ее мотивации выбора акцентной вершины,listed,B-3-1,Фонологическая,,,
B-4,Вид ударения (качественные характеристики),listed,B-4-1,Динамическое,,,
B-5,Фиксированность ударения,listed,B-5-2,Связанное,,,
B-6,Типы связанного ударения,listed,B-6-2,Ограниченное,,,
B-7,Тип ударения при формообразовании (словоизменении),listed,B-7-3,Подвижное и неподвижное,Предполагается наличие второстепенного ударения.,,
B-8,Тип строго фиксированного ударения (по положению в слове),not_applicable,,,,,
B-9,Носители ограниченного (разноместного) ударения,listed,B-9-4,Конечный слог,Место ударения на исходе словоформы определяется предположительно. ,,
B-10,Виды тонем,not_applicable,,,,,
B-11,Количество уровневых тонов (уровней регистровых (ровных) тонов),not_applicable,,,,,
B-12,"Типы уровневого (регистрового, ровного) тона",not_applicable,,,,,
B-13,Количество уровней контурных тонов,not_applicable,,,,,
B-14,"Типы контурных (скользящих, модулярных, модулированных) тонем",not_applicable,,,,,
B-15,Характер долготы,listed,B-15-1,Фонологическая,,,
B-16,Область гармонического уподобления гласных,not_stated,,,,,
B-17,Признак гармонического уподобления гласных,not_applicable,,,,,
B-18,Уподобляющий элемент при гармоническом уподоблении гласных,not_applicable,,,,,
B-19,Прочие супрасегментные явления,custom,,Спирантизация согласных,О позиционной реализации гласных фонем данных нет. ,,
B-20,Типы фонации,not_stated,,,,,
C-1,Начальный согласный в слоге,listed,C-1-2,Большинство слогов прикрытые,,,
C-2,Конечный согласный в слоге,listed,C-2-4,Есть закрытые и открытые слоги,,,
C-3,Стечения согласных в слоге,listed,C-3-3,Стечения согласных возможны только в конце слога,,,
D-1,Ограничения на фонемную структуру начала слова,not_stated,,,,,
D-2,Тип ограничений на фонемную структуру начала слова (анлаута),not_applicable,,,,,
D-3,Ограничения на фонемную структуру в конце слова,not_stated,,,,,
D-4,Тип ограничений  на фонемную структуру в конце слова (ауслауте),not_applicable,,,,,
D-5,Варианты особенностей слогового состава слова,not_stated,,,,,
D-6,Различия между знаменательными и служебными словами,explicit_gap,,,,,
D-7,Типы различий между знаменательными и служебными словами,not_applicable,,,,,
D-8,Различия между исконными и заимствованными словами,not_stated,,,,,
D-9,Типы различий между исконными и заимствованными словами,not_applicable,,,,,
D-10,Различия между корневыми и аффиксальными морфемами,explicit_gap,,,,,
D-11,Типы различий между корневыми и аффиксальными морфемами,not_applicable,,,,,
D-12,Функциональный тип чередований,explicit_gap,,,,,
D-13,Вид чередований,explicit_gap,,,,,
E-1,Тип языка по способу соединения морфем в слове,listed,E-1-4,Флективный с элементами агглютинации,,,
E-2,Признаки флективного строя,custom,,Кумулятивность флексий,Глагольные флексии кумулятивно выражают лицо и число.,,
E-3,Признаки агглютинативного строя,listed,E-3-5,"Отсутствие полисемантизма флексий, единый тип склонения или спряжения и постоянство морфемного облика",,,
E-4,Тип языка по степени спаянности морфем,listed,E-4-3,Аналитический с элементами синтетизма,,,
F-1,Количество согласовательных классов,listed,F-1-1,Согласовательные классы отсутствуют,Категория рода отсутствует.,,
F-2,Морфологические способы выражения согласовательных классов,not_applicable,,,,,
F-3,Синтаксические способы выражения согласовательных классов,not_applicable,,,,,
F-4,Другие способы выражения согласовательных классов,not_applicable,,,,,
F-5,Атрибутивное согласование прилагательных по роду (в зависимости от числа),not_applicable,,,,,
F-6,Согласование количественных числительных в роде,not_applicable,,,,,
F-7,Классифицирующие категории существительных,listed,F-7-4,Личность/неличность и одушевленность/неодушевленность,,,
F-8,Противопоставление по личности/неличности,listed,F-8-7,"Лексическое, морфологическое и синтаксическое","При подлежащем, выраженном личным именем, сказуемое согласуется с ним в числе (ед./мн.).",,
F-9,Способ выражения одушевленности/неодушевленности,listed,F-9-4,Лексический и синтаксический,"При неодушевленном подлежащем во мн. числе сказуемое имеет форму ед. числа. Согласование в числе между подлежащим и сказуемым происходит нерегулярно в случае, если подлежащее выражено одушевленным (но не личным) именем.",,
G-1,Категория числа у существительных,listed,G-1-1,Единственное и множественное,,,
G-2,Маркирование единственного числа существительных,listed,G-2-2,Немаркированное,,,
G-3,Формы вежливости в местоимениях и глаголах,listed,G-3-4,"Нейтральная, вежливая и почтительная",Формы 1-го и 2-го лица мн. числа используются как  pluralis majestatis и вежливая и почтительная.,,
G-4,Согласование по числу,listed,G-4-4,Предикативное и атрибутивное,"Атрибутивное согласование по числу прилагательных, указательных и определительных местоимений происходит нерегулярно.",,
G-5,Форма числа существительного в сочетании с числительными,listed,G-5-1,Единственное,,,
G-6,Система счисления,listed,G-6-1,Десятичная,,,
H-1,Количество падежей у имени существительного,listed,H-1-6,Категория падежа отсутствует,,,
H-2,Маркирование субъекта и объекта,custom,,"Предлоги, послелоги и порядок слов",,,
H-3,Падежное оформление именного сказуемого,not_applicable,,,,,
H-4,Падежное оформление посессивного отношения в именной группе,not_applicable,,,Различение типов принадлежности не зафиксировано.,,
H-5,Другие способы оформления посессивного отношения,custom,,"Соположение, аффиксы, местоимения, местоименные энклитики, предлоги и послелоги",Посессивный аффикс используется в изафетной конструкции.,,
H-6,Способ выражения пространственных отношений,custom,,"Указательные местоимения, предлоги, послелоги и превербы","В статье упоминаются местоименные наречия, но их семантика не описана.",,
H-7,Маркирование в посессивной конструкции,not_applicable,,,,,
H-8,Падежное оформление одушевленных и неодушевленных имен существительных,not_applicable,,,,,
H-9,Наличие вторичных падежей,not_applicable,,,,,
I-1,Способ выражения залоговых форм в глаголе,custom,,Тип основы и аффиксы,,,
I-2,Возможность наложения нескольких залоговых форм,not_stated,,,,,
I-3,Двойные залоговые формы,not_stated,,,,,
I-4,Совпадение залоговых форм,not_stated,,,,,
I-5,Грамматические формы времени,listed,I-5-1&I-5-2,Прошедшее&Настоящее,,,
I-6,Выражение вида и времени,listed,I-6-2,Синкретическое,,,
I-7,Способ выражения временных категорий,custom,,"Тип основы, флексии, клитики и вспомогательный глагол + основа смыслового глагола",В аналитической конструкции вспомогательный глагол следует за основой смыслового глагола. Связка входит в состав глагольной словоформы. ВПИСАТЬ ЛИ АФФИКСЫ (ПРЕВЕРБЫ)  В ПЕРЕЧЕНЬ СРЕДСТВ ВЫРАЖЕНИЯ? -ЮЛЕ,,
I-8,Синкретическое выражение нескольких глагольных значений,custom,,"Лицо, число, время, вид и модальность (наклонение)",,,
I-9,Маркирование лица в глаголе в настоящем времени,listed,I-9-3,В единственном и множественном числе,,,
I-10,Маркер переходности,listed,I-10-8,Аффикс и особый тип согласования,С помощью аффикса регулярно образуются каузативы с переходной семантикой. Объектное согласование у переходных глаголов в формах прошедшего времени происходит нерегулярно.,,
J-1,Наличие местоименных слов,listed,J-1-11,Местоимения-существительные и местоимения-прилагательные,,,
J-2,Способы выражения дейктических категорий,listed,J-2-12,Указательные местоимения и артикли,,,
J-3,"Служебные части речи, выражающие пространственную ориентацию действия",listed,J-3-9,Предлоги и послелоги,,,
J-4,"Знаменательные части речи, выражающие пространственную ориентацию действия",listed,J-4-6,Местоимения и наречия,,,
J-5,Морфологическое выражение определенности/неопределенности имени,listed,J-5-2,Именные аффиксы,,,
J-6,"Части речи, выражающие определенность/неопределенность имени",listed,J-6-24,Артикли и местоимения,,,
J-7,Грамматические способы выражения вежливости,listed,J-7-1,"Местоимения, различающие формы вежливости",,,
J-8,Способы выражения отрицания,listed,J-8-8,Запретительные и отрицательные частицы,,,
J-9,Позиция показателя отрицания,listed,J-9-9,Препозиция или постпозиция,,,
K-1,Склонение личных местоимений,listed,K-1-1,Местоимения не склоняются,,,
K-2,Артикли,listed,K-2-2,Только неопределенный,,,
K-3,Неопределенный артикль и числительное «один»,listed,K-3-1,Совпадают,,,
K-4,Расположение артикля,listed,K-4-2,Постпозиция,"В качестве энклитического неопределенного артикля используется числительное ""один"". Определенность выражается указательным местоимением в препозиции.",,
K-5,Постановка артикля в именной группе,listed,K-5-1,Единый артикль для всей именной группы,,,
K-6,"Грамматические категории, выражаемые артиклем",custom,,Определенность/неопределенность,,,
K-7,Количество типов спряжения глаголов,listed,K-7-1,Единый тип спряжения,,,
K-8,Типы глагольного согласования,listed,K-8-4,Субъектное и субъектно-объектное,Объектное согласование переходных глаголов в прошедшем времени происходит нерегулярно.,,
K-9,"Согласовательные категории, выражаемые причастием",not_stated,,,,,
K-10,"Время, выражаемое причастием",listed,K-10-4,Прошедшее,,,
K-11,"Грамматические категории, выражаемые наречием",listed,K-11-2,Степени сравнения,,,
K-12,"Согласовательные категории, выражаемые прилагательным",listed,K-12-6,Число,Выражается нерегулярно.,,
K-13,Возможность кумулятивного выражения нескольких категорий в прилагательном,listed,K-13-1,Отсутствует,,,
K-14,Атрибутивное согласование прилагательных,listed,K-14-4,Факультативно,,,
K-15,Типы атрибутивного согласования,listed,K-15-2,По числу,,,
K-16,"Изменяемые грамматические категории, выражаемые существительным",custom,,Число и определенность/неопределенность,,,
K-17,Кумулятивное выражение нескольких категорий в существительном,listed,K-17-1,Отсутствует,,,
K-18,Средства словоизменения,custom,,Аффиксы и флексии,,,
K-19,Модель словоформы,listed,K-19-1,Префиксально-суффиксальная,,,
L-1,Способы словообразования,custom,,"Аффиксация, словосложение, конверсия и аналитическое глаголообразование ",Распространены отделяемые видовые превербы и  глагольное словообразование вида имя существительное/прилагательное/глагольное имя + глагол. ,,
L-2,"Аффиксы, участвующие в словообразовании",listed,L-2-3,Префиксы и суффиксы,,,
L-3,Отношения между соединяемыми основами при сложении основ,listed,L-3-1,Только подчинение,,,
M-1,Стратегия кодирования глагольных актантов,custom,,Номинативная с элементами эргативной,,,
M-2,Фиксированность порядка слов,listed,M-2-1,Жесткий,,,
M-3,Основной порядок слов в предложении,listed,M-3-2,SOV,,,
M-4,Порядок определения и определяемого,listed,M-4-3,Не фиксирован,,,
M-5,Опущение местоименного подлежащего в неэллиптических предложениях,not_stated,,,,,
N-1,Линейный порядок компонентов в сложном предложении,custom,,Придаточное следует за главным или помещается внутри главного,,,
N-2,Особенности подчиненного компонента в сложном предложении,not_stated,,,,,
N-3,Оформление сказуемого в придаточном предложении,listed,N-3-1,Финитные формы,,,
N-4,Тип построения сложного предложения,listed,N-4-2,Подчинение,,,
N-5,Тип связи между элементами сложного предложения,listed,N-5-3,Союзная и бессоюзная,,,
_aux,,not_applicable,,,А.К.Зотова/О.И.Романова,,
